{
  "mmash_proxy_loso": {
    "n_folds": 22,
    "n_subjects_held_out": 22,
    "n_neighbors_k": 5,
    "accuracy_mean": 0.6363636363636364,
    "accuracy_std": 0.4810456929208346,
    "balanced_accuracy_mean": 0.6363636363636364,
    "f1_macro_mean": 0.6363636363636364,
    "n_features_used": 9,
    "n_samples_total": 22,
    "accuracy_bayesian_95ci": [
      0.427,
      0.625,
      0.803
    ]
  },
  "alamar_immune_loso": {
    "n_folds": 4,
    "n_subjects_held_out": 4,
    "n_neighbors_k": 5,
    "accuracy_mean": 0.625,
    "accuracy_std": 0.0927884361197613,
    "balanced_accuracy_mean": 0.6875,
    "f1_macro_mean": 0.6089285714285715,
    "n_features_used": 406,
    "n_samples_total": 27,
    "accuracy_bayesian_95ci": [
      0.441,
      0.621,
      0.785
    ]
  },
  "metabolic_cmp_loso": {
    "n_folds": 4,
    "n_subjects_held_out": 4,
    "n_neighbors_k": 5,
    "accuracy_mean": 0.5714285714285714,
    "accuracy_std": 0.17496355305594127,
    "balanced_accuracy_mean": 0.6041666666666666,
    "f1_macro_mean": 0.49761904761904757,
    "n_features_used": 57,
    "n_samples_total": 28,
    "accuracy_bayesian_95ci": [
      0.389,
      0.567,
      0.736
    ]
  },
  "cardio_eve_loso": {
    "n_folds": 4,
    "n_subjects_held_out": 4,
    "n_neighbors_k": 5,
    "accuracy_mean": 0.6785714285714286,
    "accuracy_std": 0.0618589574131742,
    "balanced_accuracy_mean": 0.6562499999999999,
    "f1_macro_mean": 0.6354166666666666,
    "n_features_used": 18,
    "n_samples_total": 28,
    "accuracy_bayesian_95ci": [
      0.492,
      0.667,
      0.821
    ]
  },
  "immune_eve_loso": {
    "n_folds": 4,
    "n_subjects_held_out": 4,
    "n_neighbors_k": 5,
    "accuracy_mean": 0.5714285714285714,
    "accuracy_std": 0.22587697572631282,
    "balanced_accuracy_mean": 0.53125,
    "f1_macro_mean": 0.5041666666666667,
    "n_features_used": 142,
    "n_samples_total": 28,
    "accuracy_bayesian_95ci": [
      0.389,
      0.567,
      0.736
    ]
  },
  "urine_alamar_loso": {
    "n_folds": 4,
    "n_subjects_held_out": 4,
    "n_neighbors_k": 5,
    "accuracy_mean": 0.6875,
    "accuracy_std": 0.12325166214790867,
    "balanced_accuracy_mean": 0.6874999999999999,
    "f1_macro_mean": 0.6300595238095238,
    "n_features_used": 406,
    "n_samples_total": 22,
    "accuracy_bayesian_95ci": [
      0.471,
      0.667,
      0.836
    ]
  },
  "blood_cbc_loso": {
    "n_folds": 4,
    "n_subjects_held_out": 4,
    "n_neighbors_k": 5,
    "accuracy_mean": 0.5714285714285714,
    "accuracy_std": 0.1749635530559413,
    "balanced_accuracy_mean": 0.5520833333333333,
    "f1_macro_mean": 0.48604797979797976,
    "n_features_used": 60,
    "n_samples_total": 28,
    "accuracy_bayesian_95ci": [
      0.389,
      0.567,
      0.736
    ]
  },
  "taxonomy_loso": {
    "n_folds": 4,
    "n_subjects_held_out": 4,
    "n_neighbors_k": 5,
    "accuracy_mean": 0.40434394045944677,
    "accuracy_std": 0.007398655121215462,
    "balanced_accuracy_mean": 0.3981193366248398,
    "f1_macro_mean": 0.36704801612677473,
    "n_features_used": 2723,
    "n_samples_total": 319,
    "accuracy_bayesian_95ci": [
      0.352,
      0.405,
      0.459
    ]
  },
  "pathway_loso": {
    "n_folds": 4,
    "n_subjects_held_out": 4,
    "n_neighbors_k": 5,
    "accuracy_mean": 0.4064427227875424,
    "accuracy_std": 0.08245793560866806,
    "balanced_accuracy_mean": 0.4060705090116855,
    "f1_macro_mean": 0.39800197451053426,
    "n_features_used": 567,
    "n_samples_total": 189,
    "accuracy_bayesian_95ci": [
      0.34,
      0.408,
      0.479
    ]
  }
}